{
  "README": "https://github.com/Luke100000/minecraft-comes-alive/wiki",
  "version": 1,
  "overwriteOriginalVillagers": true,
  "moddedVillagerWhitelist": [],
  "overwriteOriginalZombieVillagers": true,
  "moddedZombieVillagerWhitelist": [],
  "babyZombieChance": 0.25,
  "villagerTagsHacks": true,
  "enableInfection": true,
  "allowGrimReaper": true,
  "villagerChatPrefix": "",
  "canHurtBabies": true,
  "enterVillageNotification": true,
  "villagerMarriageNotification": true,
  "villagerBirthNotification": true,
  "innArrivalNotification": true,
  "villagerRestockNotification": true,
  "showNotificationsAsChat": false,
  "heartsToBeConsideredAsFriend": 40,
  "infectionChance": 5,
  "infectionChanceDecreasePerLevel": 0.25,
  "infectionTime": 72000,
  "chanceToHaveTwins": 2,
  "marriageHeartsRequirement": 100.0,
  "engagementHeartsRequirement": 50.0,
  "bouquetHeartsRequirement": 10.0,
  "babyItemGrowUpTime": 24,
  "villagerMaxAgeTime": 384000,
  "villagerMaxHealth": 200,
  "allowVillagerTeleporting": false,
  "villagerMinTeleportationDistance": 144.0,
  "childInitialHearts": 100,
  "greetHeartsThreshold": 75,
  "greetAfterDays": 1,
  "immigrantChance": 20,
  "traitChance": 0.25,
  "traitInheritChance": 0.5,
  "bypassTraitRestrictions": false,
  "nightOwlChance": 0.5,
  "allowAnyNightOwl": false,
  "heartsForPardonHit": 30,
  "pardonPlayerTicks": 1200,
  "guardsTargetMonsters": false,
  "maleVillagerHeightFactor": 0.9,
  "femaleVillagerHeightFactor": 0.85,
  "maleVillagerWidthFactor": 1.0,
  "femaleVillagerWidthFactor": 0.95,
  "showNameTags": true,
  "useMCAVoices": true,
  "useVanillaVoices": false,
  "interactionChanceFatigue": 0.1,
  "interactionFatigueCooldown": 24,
  "villagerHealthBonusPerLevel": 5,
  "useSquidwardModels": false,
  "enableBoobs": true,
  "burnedClothingTickLength": 3600,
  "coloredHairChance": 0.02,
  "heartsRequiredToAutoSpawnGravestone": 10,
  "guardSpawnRate": 6,
  "taxesFactor": 1.5,
  "taxSeason": 168000,
  "marriageChance": 5,
  "adventurerAtInnChance": 5,
  "childrenChance": 5,
  "bountyHunterInterval": 48000,
  "bountyHunterHeartsInterval": -150,
  "innSpawnsAdventurers": true,
  "innSpawnsCultists": true,
  "innSpawnsWanderingTraders": true,
  "percentageOfVanillaVillages": 0,
  "minimumBuildingsToBeConsideredAVillage": 3,
  "villagerDimensionBlacklist": [],
  "allowedSpawnReasons": [
    "natural",
    "structure"
  ],
  "villagerInteractionItemBlacklist": [
    "minecraft:bucket"
  ],
  "giftDesaturationQueueLength": 16,
  "giftDesaturationFactor": 0.5,
  "giftDesaturationExponent": 0.85,
  "giftSatisfactionFactor": 0.33,
  "giftMoodEffect": 0.5,
  "baseGiftMoodEffect": 2.0,
  "giftDesaturationReset": 24000,
  "allowPlayerMarriage": true,
  "minBuildingSize": 32,
  "maxBuildingSize": 8192,
  "maxBuildingRadius": 320,
  "minPillarHeight": 2,
  "maxTreeHeight": 8,
  "maxTreeTicks": {
    "#minecraft:logs": 60
  },
  "validTreeSources": [
    "minecraft:grass_block",
    "minecraft:dirt"
  ],
  "launchIntoDestiny": false,
  "allowDestinyCommandOnce": false,
  "allowDestinyCommandMoreThanOnce": false,
  "allowDestinyTeleportation": false,
  "enablePlayerShaders": true,
  "enableVillagerPlayerModel": true,
  "forceVillagerPlayerModel": false,
  "allowLimitedPlayerEditor": true,
  "allowFullPlayerEditor": false,
  "useModernUSANamesOnly": false,
  "guardsTargetEntities": {
    "minecraft:creeper": -1,
    "minecraft:drowned": 2,
    "minecraft:evoker": 3,
    "minecraft:husk": 2,
    "minecraft:illusioner": 3,
    "minecraft:pillager": 3,
    "minecraft:ravager": 3,
    "minecraft:vex": 0,
    "minecraft:vindicator": 4,
    "minecraft:zoglin": 2,
    "minecraft:zombie": 4,
    "minecraft:zombie_villager": 3,
    "minecraft:spider": 0,
    "minecraft:skeleton": 0,
    "minecraft:slime": 0,
    "mcafemale_zombie_villager": 3,
    "mcamale_zombie_villager": 3
  },
  "villagerPathfindingBlacklist": [
    "#minecraft:climbable",
    "#minecraft:fence_gates",
    "#minecraft:fences",
    "#minecraft:fire",
    "#minecraft:portals",
    "#minecraft:slabs",
    "#minecraft:stairs",
    "#minecraft:trapdoors",
    "#minecraft:walls"
  ],
  "structuresInRumors": [
    "igloo",
    "pyramid",
    "ruined_portal_desert",
    "ruined_portal_swamp",
    "ruined_portal",
    "ruined_portal_mountain",
    "mansion",
    "monument",
    "shipwreck",
    "shipwreck_beached",
    "village_desert",
    "village_taiga",
    "village_snowy",
    "village_plains",
    "village_savanna",
    "swamp_hut",
    "mineshaft",
    "jungle_pyramid",
    "pillager_outpost"
  ],
  "destinyLocations": [
    "somewhere",
    "shipwreck_beached",
    "village_desert",
    "village_taiga",
    "village_snowy",
    "village_plains",
    "village_savanna"
  ],
  "destinyLocationsToTranslationMap": {
    "shipwreck_beached": "destiny.story.sailing",
    "default": "destiny.story.travelling"
  },
  "professionConversionsMap": {},
  "shaderLocationsMap": {
    "color_blind": "minecraft:shaders/post/desaturate.json"
  },
  "playerRendererBlacklist": {
    "firstpersonmod": "arms",
    "firstperson": "arms",
    "epicfight": "all"
  }
}